'6','18-10-2013 05:27:58','pt-BR',,'18-10-2013 05:27:58','18-10-2013 05:13:05','177.98.227.229','1','1','1','1','1','A2','A4','A6','5','A4','A3','A4','A2','A3','A4','A4','Suporte técnico de qualidade, incluindo instrutores com alto nível de conhecimento (geralmente desenvolvedores) e suporte ao usuário de qualidade. Isso influencia principalmente na adoção por empresas, onde os usuários podem ser um fator bloqueante na implantação.    Empresas que prestem serviço de migração e consultoria, principalmente para os softwares com uma interação grande com o usuário (uma suíte office ou sistema operacional, em contraste com um servidor web ou de banco de dados onde isso é relevante só para os desenvolvedores e administradores do sistema). Quanto maior a empresa, maior o risco considerado e os custos com os envolvidos no processo migratório é tido muitas vezes como alto e o perigo de dar errado é visto como prejuizo. No caso de ser algo com usuário final como alvo, o processo migratório também ajuda a diminuir a rejeição inicial.','A3','A4','A4','A2','A4',,'A4','A2','A2','A3','A4','A4',,'A4','A3','A3','A3','A4',,'Desenvolvedor','A4',,'1','1','0','0','0','0','0','0','0','0',,'1','1','0','0','0','0','0','0','0','0',,'Salvador','5',,'24'
'7','18-10-2013 06:17:48','pt-BR',,'18-10-2013 06:17:48','18-10-2013 06:07:18','177.43.136.176','1','1','1','1','1','A2','A4','A6','5','A3','A2','A4','A4','A3','A3','A3',,'A3','A3','A3','A2','A2',,'A2','A2','A1','A1','A3','A4',,'A2','A4','A4','A3','A2',,'Suporte a sistemas operacionais Linux','A4',,'1','1','0','0','0','0','0','0','0','0','indústria de hardware','1','1','0','0','0','0','0','0','0','0',,'Salvador','5',,'24'
'10','18-10-2013 06:56:39','pt-BR',,'18-10-2013 06:56:39','18-10-2013 06:46:01','201.22.187.40','1','1','0','1','0','A3','A1','A4','4','A2','A2','A4','A4','A3','A3','A3',,'A2','A3','A3','A2','A2',,'A3','A3','A3','A2','A2','A3',,'A2','A2','A2','A3','A3',,'Analista de TI','A3',,'0','0','0','0','0','0','0','0','0','1',,'0','0','0','0','0','0','0','0','0','1',,'Brasília','7',,'24'
'11','18-10-2013 07:43:02','pt-BR',,'18-10-2013 07:43:02','18-10-2013 07:06:55','186.214.224.33','1','1','1','1','0','A1','A2','A5','4','A3','A3','A4','A4','A4','A4','A4',,'A3','A2','A4','A4','A4','Existência de uma comunidade ativa em torno da manutenção e evolução do software. Isso pode ser visto através de fóruns, listas de discussão, redes sociais, e empresas que utilizam de alguma maneira.','A3','A2','A2','A2','A4','A4',,'A3','A2','A4','A4','A2','Fatores culturais como: o que é de "graça" não presta; Ou "quanto mais caro melhor".','Professor, Pesquisador, Desenvolvedor independente.','A4',,'1','0','0','0','0','0','0','0','1','0',,'1','0','0','0','0','0','0','0','0','0',,'Salvador','5',,'24'
'13','18-10-2013 07:37:59','pt-BR',,'18-10-2013 07:37:59','18-10-2013 07:29:01','82.212.252.130','1','1','1','1','0','A2','A2','A4','4','A2','A2','A3','A4','A4','A3','A3',,'A2','A4','A4','A3','A3',,'A3','A2','A2','A2','A3','A4',,'A1','A2','A3','A4','A3',,'Analista Pleno','A2',,'0','0','0','0','0','0','0','0','0','0','Fornecimento de equipamentos para eventos','0','0','0','0','0','0','0','0','0','0','Entretenimento','Würzburg - Alemanha','-oth-','Baviera - Alemanha','64'
'17','18-10-2013 07:54:46','pt-BR',,'18-10-2013 07:54:46','18-10-2013 07:45:35','200.128.60.107','1','0','0','1','0','A2','A1','A5','4','A4','A4','A4','A4','A4','A4','A4','Compatibilidade com SO e avaliação de outros usuários que ja utilizaram.','A2','A2','A4','A3','A4','Apoio da alta gerência.','A4','A4','A4','A2','A3','A4',,'A3','A3','A4','A4','A2',,'Analista de Tecnologia da Informação','A4',,'0','0','0','0','0','0','0','0','1','0',,'0','0','0','0','0','0','0','0','1','0',,'Porto Seguro','5',,'24'
'22','18-10-2013 20:50:14','pt-BR',,'18-10-2013 20:50:14','18-10-2013 20:30:33','201.50.165.25','1','1','1','1','0','A1','A3','A5','5','A2','A3','A2','A2','A4','A4','A3',,'A4','A4','A4','A4','A4',,'A3','A3','A2','A4','A4','A4',,'A2','A2','A4','A3','A1',,'Administrativo Estudando TI','-oth-',,'0','0','0','0','0','0','0','0','1','0',,'1','0','0','0','0','0','0','0','1','0',,'Salvador','5',,'24'
'24','19-10-2013 23:18:37','pt-BR',,'19-10-2013 23:18:37','19-10-2013 23:07:57','201.50.2.67','1','1','1','1','0','A1','A1','A4','4','A2','A3','A3','A3','A2','A2','A3',,'A3','A2','A3','A3','A2',,'A3','A3','A2','A3','A2','A2',,'A2','A2','A3','A3','A2',,'empreendedor','A2',,'0','0','0','0','0','0','0','0','0','0','comercio e servicos','0','0','0','0','0','0','0','0','0','0','textil','salvador','5',,'24'
'25','21-10-2013 06:38:23','pt-BR',,'21-10-2013 06:38:23','21-10-2013 06:31:32','200.128.60.107','1','1','1','1','0','A3','A3','A5','4','A4','A2','A4','A3','A2','A2','A3','O grau de atividade da comunidade (número de colaboradores e frequência de atualização); a qualidade da documentação.','A3','A3','A4','A2','A3',,'A3','A2','A2','A1','A3','A3',,'A3','A3','A2','A4','A3',,'Analista de TI','A2',,'1','1','0','0','0','0','0','0','1','0',,'0','0','0','0','0','0','0','0','1','0',,'Salvador','5',,'24'
'26','21-10-2013 17:53:21','pt-BR',,'21-10-2013 17:53:21','21-10-2013 17:45:02','177.42.228.156','1','1','1','1','0','A2','A4','A4','4','A3','A4','A4','A3','A3','A4','A3',,'A3','A3','A4','A2','A2',,'A4','A3','A1','A1','A2','A4',,'A4','A4','A3','A4','A2',,'CTO','A2',,'1','0','0','0','0','0','0','0','0','0','Internet','0','0','0','0','0','0','0','0','0','0','Direito','Salvador','-oth-','Todos','24'
'28','23-10-2013 08:32:42','pt-BR',,'23-10-2013 08:32:42','23-10-2013 08:20:34','177.193.221.205','1','1','1','1','0','A1','A4','A4','4','A3','A4','A4','A4','A3','A4','A4',,'A3','A4','A4','A3','A4',,'A3','A3','A2','A2','A4','A4',,'A2','A4','A3','A3','A2',,'Analista Desenvolvedor','A2',,'1','0','0','0','0','0','0','0','1','0',,'1','0','0','0','1','0','0','0','0','0',,'Lauro de Freitas','5',,'24'
'29','23-10-2013 09:18:19','pt-BR',,'23-10-2013 09:18:19','23-10-2013 09:07:58','200.128.68.77','1','1','1','1','0','A2','A3','A3','1','A2','A2','A3','A3','A3','A2','A4','Segurança; Facilidade de encontrar ajuda com as comunidades;','A4','A2','A2','A2','A3',,'A2','A2','A3','A1','A3','A4',,'A4','A3','A3','A3','A4',,'Pesquisador','A2',,'1','0','0','0','0','0','0','0','0','0',,'1','0','0','0','0','0','0','0','1','0',,'Vitória da Conquista','5',,'24'
'31','28-10-2013 10:15:00','pt-BR',,'28-10-2013 10:15:00','28-10-2013 10:08:46','189.40.64.202','1','1','1','1','0','A2','A4','A5','5','A4','A3','A4','A4','A4','A4','A4',,'A3','A4','A4','A4','A3',,'A3','A2','A3','A3','A2','A3',,'A4','A3','A4','A4','A3',,'estudante','A3',,'1','0','0','0','0','0','0','0','0','0',,'0','0','0','0','0','0','0','0','0','0',,'Salvador','5',,'24'
'32','30-10-2013 15:37:47','pt-BR',,'30-10-2013 15:37:47','30-10-2013 15:30:58','10.65.100.78','1','1','1','1','0','A2','A3','A5','5','A3','A4','A4','A4','A3','A4','A4','Resposta rápida à falhas.','A3','A4','A3','A3','A4','Baixo valor de manutenção.','A4','A3','A2','A1','A3','A3',,'A3','A3','A4','A4','A2',,'Analista de Sistemas','A2',,'1','0','0','0','0','0','0','0','0','0',,'0','0','0','0','0','0','0','0','1','0',,'Feira de Santana','5',,'24'
'35','30-10-2013 16:27:53','pt-BR',,'30-10-2013 16:27:53','30-10-2013 16:24:10','177.98.229.114','1','1','1','1','0','A2','A1','A5','5','A4','A4','A4','A4','A1','A4','A4',,'A4','A2','A4','A4','A1',,'A3','A4','A1','A4','A4','A4',,'A4','A4','A4','A4','A2',,'Analista de Suporte','A4',,'1','0','0','0','0','0','0','0','0','0',,'0','0','0','0','0','0','0','0','0','0','Comercio Varejista','Salvador','5',,'24'
'37','30-10-2013 17:39:56','pt-BR',,'30-10-2013 17:39:56','30-10-2013 17:30:06','187.86.28.146','1','1','0','0','1','A2','A1','A4','4','A3','A2','A3','A4','A3','A3','A4',,'A3','A4','A4','A3','A4',,'A4','A3','A2','A2','A3','A4',,'A2','A3','A4','A3','A4',,'Analista de Suporte','A2',,'0','0','0','0','0','0','0','0','0','1','Suporte a Servidores','1','1','0','0','0','0','0','0','0','1',,'João Pessoa','15',,'24'
'38','30-10-2013 17:58:13','pt-BR',,'30-10-2013 17:58:13','30-10-2013 17:52:24','179.163.98.120','1','1','0','1','0','A3','A1','A5','4','A4','A3','A4','A4','A4','A4','A4',,'A3','A4','A4','A4','A4',,'A4','A2','A2','A3','A4','A4',,'A1','A3','A4','A4','A4',,'Especialista em TI','-oth-','18','0','0','0','1','0','0','0','0','0','0',,'0','0','0','1','0','0','0','0','0','0',,'Salvador','5',,'24'
'41','30-10-2013 20:13:02','pt-BR',,'30-10-2013 20:13:02','30-10-2013 20:07:09','177.99.27.26','1','0','0','1','0','A1','A3','A4','4','A4','A3','A3','A2','A4','A3','A3',,'A1','A4','A3','A1','A1',,'A4','A3','A2','A4','A4','A3',,'A3','A3','A2','A3','A4',,'Coordenador de TI','A2',,'0','1','0','0','0','0','0','0','0','0',,'0','1','0','0','0','0','0','0','0','0',,'Salvador','5',,'24'
'42','30-10-2013 20:17:16','pt-BR',,'30-10-2013 20:17:16','30-10-2013 20:13:11','186.241.243.24','1','1','1','1','0','A2','A1','A6','4','A4','A3','A3','A4','A3','A3','A4',,'A3','A3','A2','A4','A3',,'A4','A3','A1','A1','A2','A3',,'A2','A4','A1','A1','A1',,'Professor','A4',,'0','0','0','0','0','0','0','0','1','0',,'0','0','0','0','0','0','0','0','1','0',,'Itabuna','5',,'24'
'43','30-10-2013 20:26:19','pt-BR',,'30-10-2013 20:26:19','30-10-2013 20:21:59','201.50.73.95','1','1','0','1','0','A2','A4','A5','4','A3','A3','A3','A3','A2','A3','A3',,'A2','A3','A3','A3','A3',,'A2','A4','A1','A4','A2','A1',,'A2','A3','A1','A2','A1',,'Analista de Rede Senior','-oth-',,'0','0','0','0','0','0','0','1','0','0',,'0','0','0','0','0','0','0','1','0','0',,'Salvador','5',,'24'
'45','30-10-2013 21:51:58','pt-BR',,'30-10-2013 21:51:58','30-10-2013 21:36:33','189.105.14.93','1','1','1','1','1','A2','A2','A6','5','A3','A2','A3','A4','A4','A3','A3',,'A2','A4','A4','A3','A2',,'A4','A3','A1','A3','A3','A4',,'A2','A3','A3','A4','A1',,'Assessor de TI','A3',,'0','0','0','0','0','0','0','0','0','0','Associação de classe','0','0','0','0','0','0','0','0','0','0','Indústria','Salvador','5',,'24'
'46','30-10-2013 22:54:43','pt-BR',,'30-10-2013 22:54:43','30-10-2013 22:49:05','200.165.11.77','1','1','0','1','0','A2','A1','A3','4','A3','A3','A2','A3','A4','A3','A3',,'A3','A3','A4','A3','A3',,'A3','A3','A4','A3','A4','A4',,'A3','A3','A3','A3','A1',,'Técnico de Infra','A4',,'1','1','0','0','0','0','0','0','0','0',,'1','1','0','0','0','1','0','0','1','0',,'Salvador','5',,'24'
'48','30-10-2013 23:02:51','pt-BR',,'30-10-2013 23:02:51','30-10-2013 22:56:05','177.134.190.167','1','1','1','1','1','A3','A4','A6','5','A2','A3','A3','A3','A4','A4','A4',,'A3','A4','A4','A2','A1',,'A2','A2','A2','A2','A3','A4',,'A3','A3','A4','A3','A2',,'Professor e Pesquisador','-oth-',,'1','0','0','0','0','0','0','0','0','0',,'1','1','0','0','0','0','0','0','1','0',,'Salvador','5',,'24'
'49','31-10-2013 01:15:00','pt-BR',,'31-10-2013 01:15:00','31-10-2013 01:10:35','177.134.240.149','1','1','1','1','0','A2','A3','A5','4','A3','A2','A3','A3','A4','A3','A2','Filosofia de trabalho, acesso à informação, transparência e soberania de governo.','A2','A3','A4','A4','A2',,'A4','A3','A1','A2','A2','A4',,'A4','A4','A4','A3','A3',,'Professor','A3',,'0','0','0','0','0','0','0','0','1','0',,'1','1','1','1','1','1','1','1','1','1',,'Feira de Santana','5',,'24'
'51','31-10-2013 09:06:01','pt-BR',,'31-10-2013 09:06:01','31-10-2013 08:51:16','200.128.60.89','1','1','1','1','1','A2','A3','A5','4','A1','A1','A2','A1','A4','A2','A4','código aberto, comunidade especialista no domínio. Em relação a questão, o que você define como "tecnologicamente importante"? Seriam apenas requisitos funcionais?','A4','A4','A4','A4','A1','Fornecer suporte','A4','A4','A1','A1','A4','A3',,'A3','A3','A1','A2','A1',,'Analista de TI','A2',,'1','1','0','0','0','0','0','0','0','0',,'0','1','0','0','0','0','0','0','0','0',,'Salvador','5',,'24'
'52','31-10-2013 16:19:46','pt-BR',,'31-10-2013 16:19:46','31-10-2013 16:13:24','172.16.0.1','1','1','1','0','0','A1','A3','A3','4','A4','A2','A3','A4','A4','A3','A3',,'A3','A4','A3','A3','A2',,'A2','A3','A3','A2','A2','A4',,'A2','A4','A4','A4','A3',,'Estudante / Aluno de Iniciação Científica','A2',,'1','0','0','0','0','0','0','0','1','0',,'0','0','0','0','0','0','0','0','1','0',,'Feira de Santana','5',,'24'
'56','31-10-2013 16:41:04','pt-BR',,'31-10-2013 16:41:04','31-10-2013 16:22:33','200.128.15.130','1','1','0','0','0','A1','A1','A2','4','A4','A4','A4','A4','A3','A3','A3',,'A2','A2','A4','A4','A4',,'A3','A2','A2','A1','A2','A3',,'A3','A4','A4','A3','A1',,'Trainee - Engenheiro de Sistemas Embarcados','A1',,'1','0','0','0','0','1','0','0','0','0',,'1','0','0','0','0','1','0','0','0','0',,'Salvador','5',,'24'
'58','31-10-2013 16:31:26','pt-BR',,'31-10-2013 16:31:26','31-10-2013 16:25:23','177.123.142.24','1','1','0','1','0','A1','A4','A5','4','A2','A2','A2','A1','A3','A2','A2',,'A3','A4','A3','A3','A2',,'A2','A2','A3','A2','A2','A4',,'A3','A3','A3','A4','A2',,'Analista de Sistemas','A3',,'1','0','0','0','0','0','0','0','0','0',,'1','1','0','0','0','0','0','0','0','0',,'Salvador','5',,'24'
'59','31-10-2013 16:34:05','pt-BR',,'31-10-2013 16:34:05','31-10-2013 16:26:52','177.134.234.214','1','1','1','1','0','A1','A2','A3','4','A1','A3','A3','A3','A2','A2','A3',,'A1','A3','A2','A3','A1',,'A3','A2','A1','A2','A1','A3',,'A3','A2','A3','A3','A2',,'Engenheiro de Software','A3',,'1','0','0','0','0','0','0','0','0','0',,'1','0','0','0','0','0','0','0','0','0',,'Feira de Santana','5',,'24'
'61','31-10-2013 16:35:07','pt-BR',,'31-10-2013 16:35:07','31-10-2013 16:28:32','200.198.222.100','1','1','1','1','1','A2','A3','A3','4','A4','A2','A4','A3','A4','A3','A2',,'A3','A4','A4','A3','A4',,'A3','A3','A2','A2','A4','A4',,'A3','A4','A4','A3','A3',,'Analista de Desenvolvimento','A2',,'1','0','0','0','0','0','0','0','0','0',,'1','1','1','0','0','0','0','0','0','0',,'Salvador','5',,'24'
'63','31-10-2013 16:38:59','pt-BR',,'31-10-2013 16:38:59','31-10-2013 16:30:47','177.135.201.74','1','1','0','1','0','A2','A2','A5','4','A2','A2','A3','A3','A3','A4','A2',,'A2','A4','A3','A2','A2',,'A3','A2','A3','A3','A3','A3',,'A2','A2','A3','A4','A1',,'Analista de Sistemas','A3',,'0','0','0','0','0','0','0','0','0','0','Distribuição','0','0','0','0','0','0','0','0','0','0',,'Feira de Santana','5',,'24'
'65','31-10-2013 16:36:25','pt-BR',,'31-10-2013 16:36:25','31-10-2013 16:31:34','10.65.16.2','1','1','1','1','1','A3','A4','A6','4','A4','A3','A3','A4','A3','A3','A3',,'A4','A3','A2','A2','A2',,'A4','A3','A3','A1','A3','A3',,'A4','A4','A4','A4','A2',,'Professor','A4',,'0','0','0','0','0','0','0','0','1','0',,'0','0','0','0','0','0','0','0','1','0',,'feira de santana','5',,'24'
'66','31-10-2013 16:37:33','pt-BR',,'31-10-2013 16:37:33','31-10-2013 16:31:56','187.12.14.130','1','0','1','0','0','A2','A1','A4','4','A3','A2','A3','A3','A3','A3','A3',,'A3','A2','A2','A3','A3','Custo','A3','A3','A2','A4','A2','A3','baixo custo','A3','A3','A4','A4','A3',,,'A4',,'0','1','0','0','0','0','0','0','0','1',,'0','0','0','0','0','0','0','0','0','1',,'Salvador','5',,'24'
'67','31-10-2013 16:44:38','pt-BR',,'31-10-2013 16:44:38','31-10-2013 16:35:58','200.128.15.130','1','1','0','1','1','A1','A2','A4','3','A2','A3','A3','A2','A4','A2','A2',,'A2','A3','A4','A3','A2',,'A3','A3','A2','A2','A3','A3',,'A2','A1','A2','A3','A1',,'Projetista de Circuitos','A3',,'0','0','0','0','0','1','0','0','0','0','Microeletrônica','0','0','1','1','0','1','0','1','0','1',,'Salvador','5',,'24'
'68','31-10-2013 16:41:32','pt-BR',,'31-10-2013 16:41:32','31-10-2013 16:36:06','177.207.21.218','1','1','0','0','0','A2','A1','A3','4','A4','A3','A4','A4','A4','A4','A3',,'A4','A4','A4','A3','A2',,'A4','A4','A3','A3','A3','A3',,'A3','A4','A2','A3','A1',,'Analista de Suporte','A2',,'0','0','0','0','0','0','0','0','0','0','Varejo','0','0','0','0','0','0','0','0','0','0','Varejo','Salvador','5',,'24'
'69','31-10-2013 16:43:17','pt-BR',,'31-10-2013 16:43:17','31-10-2013 16:38:01','200.232.218.177','1','1','1','0','0','A2','A4','A3','5','A3','A2','A4','A4','A4','A2','A4',,'A3','A3','A3','A2','A2',,'A4','A3','A3','A4','A4','A4',,'A3','A2','A2','A4','A4',,'Administrador de redes','A2',,'0','1','0','0','0','0','0','0','0','1',,'0','1','0','0','0','0','0','0','0','1',,'Presidente Prudente','25',,'24'
'72','31-10-2013 16:46:32','pt-BR',,'31-10-2013 16:46:32','31-10-2013 16:39:46','200.128.15.130','1','1','1','1','0','A2','A2','A4','4','A3','A4','A3','A3','A2','A2','A2',,'A2','A3','A4','A2','A1',,'A3','A2','A1','A2','A3','A4',,'A2','A3','A3','A3','A1',,'Engenheiro de Software','A2',,'0','0','0','0','0','1','0','0','0','0','Microeletrônica','0','0','0','0','0','1','0','0','0','0',,'Salvador','5',,'24'
'75','31-10-2013 16:50:33','pt-BR',,'31-10-2013 16:50:33','31-10-2013 16:45:56','186.215.242.189','1','1','1','1','0','A2','A3','A5','4','A3','A3','A3','A3','A4','A4','A4',,'A3','A4','A4','A4','A3',,'A4','A3','A2','A3','A3','A4',,'A3','A3','A4','A4','A4',,'Analista de Suporte','A2',,'0','0','0','0','0','0','0','1','0','0',,'0','0','0','0','0','0','0','0','0','0',,'Feira de Santana','5',,'24'
'76','31-10-2013 17:10:39','pt-BR',,'31-10-2013 17:10:39','31-10-2013 16:46:40','177.177.20.143','1','1','1','1','1','A2','A1','A4','4','A3','A2','A3','A2','A4','A3','A2',,'A4','A4','A2','A3','A4',,'A4','A3','A4','A1','A3','A3',,'A4','A3','A3','A3','A4',,'Desempregado','A1',,'1','0','0','0','0','0','0','0','0','0',,'1','0','0','0','0','0','0','0','0','0',,'Aracaju','26',,'24'
'77','31-10-2013 16:51:36','pt-BR',,'31-10-2013 16:51:36','31-10-2013 16:46:51','177.73.200.69','2','0','0','0','0',,,,,'A2','A2','A3','A3','A4','A2','A2',,'A2','A4','A4','A4','A2',,'A2','A2','A2','A2','A2','A3',,'A2','A2','A2','A3','A2',,'Professor','A3',,'0','0','0','0','0','0','0','0','1','0',,'0','0','0','0','0','0','0','0','1','0',,'Monteiro','15',,'24'
'78','31-10-2013 16:57:34','pt-BR',,'31-10-2013 16:57:34','31-10-2013 16:46:52','177.135.194.170','1','1','1','0','0','A2','A2','A1','4','A3','A3','A3','A3','A4','A4','A4',,'A2','A4','A3','A2','A4',,'A4','A4','A3','A2','A4','A4',,'A4','A3','A4','A4','A3',,'Analista de Sistemas','A1',,'1','0','0','0','0','0','0','0','0','0',,'1','0','0','0','0','0','0','0','0','0',,'Salvador','5',,'24'
'80','31-10-2013 16:55:23','pt-BR',,'31-10-2013 16:55:23','31-10-2013 16:49:22','177.73.84.44','1','1','1','1','0','A1','A3','A6','4','A2','A1','A4','A1','A4','A4','A4',,'A3','A3','A4','A2','A1',,'A4','A4','A2','A2','A2','A3',,'A4','A2','A1','A4','A2','O preço é fator de grande influência, na minha opinião.','Professor','A3',,'1','1','0','0','0','0','0','0','1','0',,'0','1','0','0','0','0','0','0','0','0',,'Campina Grande','15',,'24'
'82','31-10-2013 16:59:36','pt-BR',,'31-10-2013 16:59:36','31-10-2013 16:53:01','164.85.68.18','1','1','1','1','1','A3','A4','A6','5','A4','A4','A4','A4','A4','A4','A4','O fato de ser aberto e deixar os dados na sua mão. A proteção contra obsolescência e a segurança inerente ao software livre.','A3','A4','A4','A4','A4','Disponibilidade de empresas que dão suporte e tenham equipes preparadas para resolver problemas no código e acresentar novas funcionalidades.','A3','A3','A2','A2','A3','A3',,'A3','A3','A1','A1','A3',,'Analista de sistemas','-oth-',,'0','0','0','1','0','0','0','0','0','0','Oleo e Gas','0','0','0','1','0','0','0','0','0','0',,'Salvador','5',,'24'
'83','31-10-2013 17:10:24','pt-BR',,'31-10-2013 17:10:24','31-10-2013 16:53:08','172.16.0.1','1','1','1','1','1','A1','A2','A6','4','A3','A2','A4','A3','A3','A4','A4',,'A4','A4','A3','A1','A1',,'A1','A1','A1','A1','A1','A1',,'A1','A4','A3','A1','A4',,'Professor','A4',,'0','0','0','0','0','0','0','0','1','0',,'0','0','0','0','0','0','0','0','1','0',,'Feira de Santana','5',,'24'
'84','31-10-2013 17:00:27','pt-BR',,'31-10-2013 17:00:27','31-10-2013 16:53:43','201.83.42.202','1','1','1','1','1','A2','A3','A5','4','A3','A2','A4','A3','A3','A3','A3',,'A2','A3','A3','A3','A3',,'A2','A2','A2','A3','A3','A3',,'A3','A2','A3','A3','A2',,'Desempregado','A1',,'1','1','0','0','0','1','0','0','0','1',,'0','0','0','0','0','0','0','0','0','1',,'São Paulo','25',,'24'
'86','31-10-2013 17:06:52','pt-BR',,'31-10-2013 17:06:52','31-10-2013 17:02:10','187.58.11.77','1','1','0','1','0','A1','A1','A4','4','A2','A2','A3','A3','A1','A1','A2',,'A1','A2','A3','A2','A2',,'A2','A3','A2','A2','A3','A3',,'A2','A2','A3','A4','A1',,,'A1',,'0','1','0','0','0','0','0','0','0','1',,'0','1','0','0','0','0','0','0','0','0',,'Salvador','5',,'24'
'88','31-10-2013 17:16:00','pt-BR',,'31-10-2013 17:16:00','31-10-2013 17:07:18','189.70.213.36','1','0','0','1','1','A3','A1','A5','4','A4','A4','A4','A3','A3','A3','A4',,'A2','A4','A4','A3','A2',,'A4','A4','A3','A2','A3','A4',,'A4','A4','A4','A3','A2',,'Professor','-oth-',,'0','0','0','0','0','0','0','0','1','0',,'0','0','0','0','0','0','0','0','1','0',,'Juazeiro/BA','5',,'24'
'89','31-10-2013 17:16:11','pt-BR',,'31-10-2013 17:16:11','31-10-2013 17:08:47','177.134.242.142','1','0','1','1','0','A1','A2','A5','4','A2','A2','A4','A4','A4','A2','A2',,'A4','A4','A4','A2','A4',,'A4','A4','A4','A2','A3','A4',,'A2','A2','A3','A4','A3',,'Desenvolvedora de Software','A2',,'1','0','0','0','0','0','0','0','0','0',,'0','0','0','0','0','0','0','0','0','0','Varejo e Atacado','Feira de Santana','5',,'24'
'91','31-10-2013 17:24:14','pt-BR',,'31-10-2013 17:24:14','31-10-2013 17:15:28','177.99.92.71','1','1','1','0','0','A1','A2','A3','4','A3','A2','A2','A3','A2','A2','A2',,'A3','A3','A2','A2','A3',,'A2','A3','A3','A3','A2','A3',,'A2','A2','A3','A3','A2',,'Graduando em Eng. Computação e pesquisador.','A2',,'1','0','0','0','0','1','0','0','0','0',,'0','0','0','0','0','0','0','0','0','0',,'Feira de Santana','5',,'24'
'92','31-10-2013 17:27:40','pt-BR',,'31-10-2013 17:27:40','31-10-2013 17:17:52','177.134.253.211','1','1','1','1','0','A1','A4','A6','4','A2','A2','A1','A2','A4','A3','A2','qualidade reconhecida pelos usuarios','A4','A3','A4','A3','A2','equipe com conhecimento adequado','A3','A2','A4','A3','A3','A4','compromisso social','A4','A3','A4','A4','A3','habilidade tecnica','professor','-oth-','20','1','0','0','0','0','0','0','0','1','0',,'0','0','0','0','0','0','0','0','1','0',,'salvador','5',,'24'
'96','31-10-2013 17:42:09','pt-BR',,'31-10-2013 17:42:09','31-10-2013 17:36:00','177.134.242.217','1','0','1','1','0','A1','A3','A2','4','A3','A4','A4','A4','A3','A4','A3',,'A3','A3','A2','A3','A3',,'A4','A4','A1','A1','A3','A3',,'A4','A3','A3','A4','A2',,'graduando em engenharia de computação','A1',,'1','0','0','0','0','1','0','0','0','1',,'1','0','0','0','0','1','0','0','0','1',,'feira de santana','5',,'24'
'101','31-10-2013 18:11:20','pt-BR',,'31-10-2013 18:11:20','31-10-2013 18:03:42','177.42.204.64','1','1','1','1','1','A1','A2','A5','4','A2','A2','A3','A1','A4','A4','A4',,'A3','A4','A4','A3','A3',,'A4','A3','A3','A3','A4','A4',,'A4','A4','A4','A4','A2',,'Líder de Equipe de Desenvolvimento de Software','A1',,'1','0','0','0','0','0','0','0','0','0',,'0','0','0','0','0','0','0','0','0','0','mercado imobiliário, mídias, esportes','Salvador','5',,'24'
'102','31-10-2013 18:11:43','pt-BR',,'31-10-2013 18:11:43','31-10-2013 18:05:54','177.134.231.199','1','1','1','1','0','A2','A2','A4','4','A3','A2','A4','A4','A4','A3','A3','A possibilidade de customizar um componente de código aberto de forma a adapta-lo a sua necessidade','A3','A4','A3','A4','A3',,'A4','A2','A3','A4','A3','A4',,'A4','A4','A3','A3','A3',,'Desenvolvedor Mobile','A1',,'1','0','0','0','0','0','0','0','0','0',,'1','0','0','0','0','0','0','0','0','0',,'Salvador','5',,'24'
'103','31-10-2013 18:21:35','pt-BR',,'31-10-2013 18:21:35','31-10-2013 18:10:53','200.241.192.62','1','0','0','1','0','A1','A1','A5','4','A2','A2','A3','A1','A4','A4','A4',,'A2','A4','A3','A4','A4',,'A4','A1','A1','A2','A4','A4',,'A4','A3','A2','A4','A1',,'Analista de Requisitos','A3',,'0','0','0','0','0','0','0','0','0','0','Judiciário','0','0','0','0','0','0','0','0','0','0','Judiciário','João Pessoa','15',,'24'
'105','31-10-2013 18:31:43','pt-BR',,'31-10-2013 18:31:43','31-10-2013 18:22:40','179.178.35.164','1','1','1','1','0','A2','A2','A4','4','A3','A2','A3','A4','A4','A4','A4','Qualidade é o ponto principal que eu observo ao escolher um software livre.','A3','A4','A4','A3','A4','Suporte Técnico treinado e capacitado à ajudar as organizações que desejam implementar software livre.','A4','A2','A4','A2','A4','A4',,'A2','A3','A4','A4','A4','O software livre ou não tem que causar uma boa primeira impressão ou não terá o alcance desejado.','Estudante de Engenharia de Computação na UEFS','A2',,'1','1','0','0','0','1','0','0','1','1',,'1','1','1','1','1','1','1','1','1','1',,'Feira de Santana','5',,'24'
'106','31-10-2013 18:34:49','pt-BR',,'31-10-2013 18:34:49','31-10-2013 18:27:01','200.223.180.42','1','1','0','1','0','A2','A2','A5','4','A4','A3','A3','A4','A4','A4','A3','Suporte','A3','A4','A4','A2','A4','A cultura organizacional e a zona de conforto podem dificultar a adoção de softwares livres.','A4','A4','A1','A2','A4','A2',,'A3','A3','A2','A2','A2',,'Gerente de Tecnologia da Informação','A4',,'0','0','0','0','0','0','0','0','0','0','Indústria','0','0','0','0','0','0','0','0','0','0','Indústria','Estancia - SE','26',,'24'
'107','31-10-2013 18:44:30','pt-BR',,'31-10-2013 18:44:30','31-10-2013 18:36:27','177.99.90.92','1','1','1','1','0','A2','A3','A5','4','A4','A2','A3','A4','A4','A3','A4',,'A4','A4','A4','A2','A3',,'A3','A3','A3','A2','A4','A3',,'A3','A3','A3','A2','A3',,'Gerente de TI','A4',,'1','1','0','0','0','0','0','0','0','0',,'1','1','0','0','0','0','0','0','1','0',,'Feira de Santana','5',,'24'
'109','31-10-2013 18:58:07','pt-BR',,'31-10-2013 18:58:07','31-10-2013 18:50:50','187.87.41.57','1','1','1','1','1','A1','A1','A5','4','A4','A3','A3','A4','A3','A4','A4',,'A3','A3','A4','A3','A3',,'A3','A3','A3','A3','A3','A3',,'A2','A2','A3','A3','A1',,'professor','-oth-',,'0','0','0','0','0','0','0','0','1','0',,'0','0','0','0','0','0','0','0','1','0',,'Feira de Santna','5',,'24'
'111','31-10-2013 19:30:20','pt-BR',,'31-10-2013 19:30:20','31-10-2013 19:20:28','80.35.188.126','1','1','1','1','0','A1','A2','A4','4','A2','A3','A4','A4','A3','A2','A3',,'A2','A4','A4','A3','A4',,'A4','A4','A4','A3','A4','A3',,'A1','A2','A3','A3','A2',,'Professor Federal em Computação','A4',,'1','0','0','0','0','0','0','0','1','0',,'1','0','0','0','0','0','0','0','1','0',,'Salvador / Santo Amaro','5',,'24'
'115','31-10-2013 20:12:15','pt-BR',,'31-10-2013 20:12:15','31-10-2013 20:06:15','201.37.38.231','2','0','0','0','0',,,,,'A2','A2','A2','A2','A3','A3','A3',,'A3','A3','A2','A2','A4',,'A2','A2','A3','A3','A3','A3',,'A2','A3','A3','A3','A2',,'Diretor de uma seção de TI','A2',,'0','1','0','0','0','0','0','0','0','1',,'0','0','0','0','0','0','0','0','0','0',,'Rio de Janeiro','19',,'24'
'116','31-10-2013 20:17:02','pt-BR',,'31-10-2013 20:17:02','31-10-2013 20:11:15','189.105.29.86','1','1','1','1','1','A1','A1','A3','4','A1','A3','A4','A4','A4','A4','A4',,'A3','A4','A4','A2','A4',,'A2','A2','A1','A2','A4','A4',,'A1','A2','A4','A4','A4',,'Estudante de engenharia de computação','A2',,'1','0','0','0','0','0','0','0','0','0',,'1','0','0','0','0','0','0','0','0','0',,'Feira de Santana','5',,'24'
'117','31-10-2013 20:32:34','pt-BR',,'31-10-2013 20:32:34','31-10-2013 20:25:37','177.99.9.109','1','1','1','0','0','A1','A1','A4','4','A3','A2','A4','A2','A4','A2','A2',,'A2','A4','A4','A3','A3',,'A4','A3','A1','A2','A3','A3',,'A3','A2','A3','A3','A1',,'Estudante','A3',,'1','0','0','0','0','1','0','0','0','0',,'1','0','0','0','0','1','0','0','0','0',,'Feira de Santana','5',,'24'
'119','31-10-2013 21:59:02','pt-BR',,'31-10-2013 21:59:02','31-10-2013 21:00:31','201.8.227.89','1','0','0','1','0','A2','A4','A4','5','A4','A2','A2','A4','A4','A4','A4','A utilização de licença','A4','A4','A4','A4','A4','Os testes que são feitos para garantir a segurança das informações da empresa.','A3','A4','A4','A1','A4','A4','O marketing perante ao mercado e os usuários.','A4','A4','A4','A4','A4',,'Estagiario de Ti para automação','A1',,'0','0','0','1','0','0','0','0','0','0',,'0','1','0','1','0','0','0','0','0','0',,'Salvador','5',,'24'
'121','31-10-2013 21:22:40','pt-BR',,'31-10-2013 21:22:40','31-10-2013 21:16:47','201.50.211.212','1','0','1','0','0','A2','A2','A4','4','A2','A2','A2','A3','A4','A2','A1',,'A3','A3','A2','A3','A4',,'A4','A2','A4','A4','A2','A3',,'A4','A3','A4','A4','A2',,'Programador','A3',,'1','0','0','0','0','0','0','0','0','0',,'1','0','0','0','0','0','0','0','0','0',,'Feira de Santana','5',,'24'
'122','31-10-2013 22:17:56','pt-BR',,'31-10-2013 22:17:56','31-10-2013 21:23:08','177.42.239.6','1','1','1','1','1','A3','A2','A5','4','A3','A2','A3','A4','A4','A2','A2',,'A2','A4','A3','A4','A4',,'A3','A4','A1','A3','A2','A3',,'A3','A2','A4','A4','A3',,'Gerente Sr','A2',,'1','1','0','0','0','0','0','0','0','0',,'0','1','0','0','0','0','0','0','0','0','Governo','Salvador','5',,'24'
'123','31-10-2013 22:20:29','pt-BR',,'31-10-2013 22:20:29','31-10-2013 22:02:34','187.74.89.140','1','0','0','1','0','A2','A4','A5','2','A4','A3','A4','A4','A2','A4','A3',,'A4','A3','A1','A4','A3',,'A4','A2','A3','A1','A3','A4',,'A4','A1','A3','A4','A4',,'Especialista de Field Services de TI','A4',,'0','1','0','0','0','0','0','0','0','0',,'0','0','0','0','0','0','1','0','0','0',,'Jaguaríuna','25',,'24'
'125','31-10-2013 22:33:09','pt-BR',,'31-10-2013 22:33:09','31-10-2013 22:06:08','177.134.239.142','1','1','1','1','0','A1','A2','A3','4','A3','A3','A4','A4','A3','A4','A4',,'A3','A4','A4','A4','A4',,'A3','A3','A2','A2','A3','A4',,'A3','A4','A4','A4','A3',,'Estudante de Computação','A2',,'1','1','0','0','0','1','0','0','0','1',,'1','1','0','0','0','1','0','0','0','0',,'Feira de Santana','5',,'24'
'127','01-11-2013 00:52:22','pt-BR',,'01-11-2013 00:52:22','01-11-2013 00:45:47','177.134.235.202','1','1','1','1','0','A3','A2','A4','4','A3','A3','A3','A4','A2','A3','A3',,'A2','A4','A4','A3','A4',,'A4','A4','A4','A2','A4','A4',,'A3','A4','A4','A3','A3',,'Desenvolvedor de Software','A3',,'1','0','0','0','0','0','0','0','0','0',,'0','0','0','0','0','0','0','0','0','0','Comercial, Publicitário','Feira de Santana','5',,'24'
'128','01-11-2013 02:39:30','pt-BR',,'01-11-2013 02:39:30','01-11-2013 02:32:11','177.99.20.157','1','0','1','0','1','A2','A2','A5','3','A3','A2','A3','A2','A4','A2','A2',,'A2','A3','A3','A3','A2',,'A4','A3','A1','A4','A3','A2',,'A4','A3','A4','A3','A2',,'Professor','A1',,'0','0','0','0','0','0','0','0','1','0',,'0','0','0','0','0','0','1','0','0','0',,'Feira de Santama','5',,'24'
'130','01-11-2013 07:27:20','pt-BR',,'01-11-2013 07:27:20','01-11-2013 07:15:37','187.17.0.34','1','0','0','1','0','A3','A2','A5','5','A2','A4','A3','A4','A4','A4','A4',,'A3','A3','A4','A2','A2',,'A4','A3','A3','A1','A1','A3',,'A4','A4','A4','A4','A1',,'Analista de Banco de Dados','A3',,'1','0','0','0','0','0','0','0','0','0',,'1','1','0','0','0','0','0','0','0','0',,'Aracaju','26',,'24'
'131','01-11-2013 08:04:08','pt-BR',,'01-11-2013 08:04:08','01-11-2013 07:58:10','177.131.218.51','1','0','1','1','0','A2','A3','A6','4','A3','A3','A3','A3','A4','A3','A3',,'A2','A3','A4','A2','A3',,'A3','A2','A3','A3','A2','A4',,'A4','A3','A4','A4','A4',,'Coordenador de Curso de Graduação em Engenharia de Computação','A2',,'0','0','0','0','0','0','0','0','1','0',,'0','0','0','0','0','0','0','0','1','0',,'Salvador','5',,'24'
'132','01-11-2013 08:08:11','pt-BR',,'01-11-2013 08:08:11','01-11-2013 08:01:44','187.1.105.166','1','1','1','1','1','A2','A1','A4','4','A3','A3','A2','A2','A4','A3','A4',,'A4','A2','A3','A2','A4',,'A2','A2','A2','A2','A3','A4',,'A3','A4','A3','A3','A2',,'Bolsista','A2',,'0','0','0','0','0','1','0','0','0','0',,'0','0','0','1','0','1','0','0','0','1',,'Salvador','5',,'24'
'134','01-11-2013 08:15:21','pt-BR',,'01-11-2013 08:15:21','01-11-2013 08:09:19','187.58.181.223','1','1','1','0','0','A2','A2','A6','5','A2','A3','A3','A3','A4','A3','A3','Baixo custo de aquisição','A2','A3','A3','A3','A2','Baixo custo de aquisição e confiabilidade','A3','A4','A4','A2','A3','A3',,'A2','A3','A3','A3','A4',,'Coordenador de desenvolvimento','A4',,'0','0','0','0','0','0','0','0','0','0','Governo','0','0','0','0','0','0','0','0','0','0','Segurança pública','Salvador','5',,'24'
'138','01-11-2013 15:15:06','pt-BR',,'01-11-2013 15:15:06','01-11-2013 15:07:16','200.217.252.190','1','1','1','1','1','A3','A3','A5','4','A4','A3','A3','A3','A3','A1','A3',,'A3','A3','A1','A4','A2',,'A2','A2','A2','A4','A4','A4',,'A4','A4','A4','A4','A2',,'Professor','-oth-',,'0','0','0','0','0','0','0','0','1','0',,'0','0','0','0','0','0','0','0','1','0',,'Salvador','5',,'24'
'140','01-11-2013 17:31:39','pt-BR',,'01-11-2013 17:31:39','01-11-2013 17:23:51','189.71.212.148','1','1','1','1','0','A2','A4','A5','5','A2','A2','A4','A2','A3','A4','A4','A adequação com normas de Governança em T.I.','A4','A3','A4','A3','A4','O incentivo a partir de disseminação do conhecimento na área de Tecnologia da Informação voltada à software livre.','A3','A3','A4','A2','A2','A2','Medo dos stakeholders das organizações quanto à assimilação da responsabilidade sobre o uso do software livre em seu ambiente de trabalho.','A2','A3','A3','A4','A4','O contato inicial em ambiente escolar e acadêmico, ainda no início da carreira.','Analista de Sistemas - Infraestrutura e redes de computadores','A3',,'0','1','0','0','0','0','0','0','0','0','Suporte técnico','0','1','0','0','0','0','0','0','0','0','Prestação de serviços','Aracaju e São Cristóvão','26',,'24'
'143','01-11-2013 20:08:38','pt-BR',,'01-11-2013 20:08:38','01-11-2013 20:05:44','200.222.246.15','2','0','0','0','0',,,,,'A3','A4','A2','A3','A2','A2','A2',,'A3','A3','A3','A2','A2',,'A4','A2','A2','A2','A2','A2',,'A3','A2','A2','A2','A1',,'estudante de eng. de computação','A2',,'1','0','0','0','0','1','0','0','0','0',,'0','1','0','0','0','0','0','0','0','0',,'feira de santana','5',,'24'
'145','01-11-2013 21:56:32','pt-BR',,'01-11-2013 21:56:32','01-11-2013 21:47:53','177.59.89.237','1','1','1','1','1','A2','A1','A6','5','A4','A2','A3','A4','A4','A3','A3',,'A4','A4','A2','A3','A4',,'A4','A4','A3','A2','A4','A4',,'A4','A2','A4','A4','A2',,'Professor ensino superior','-oth-','23','0','0','0','0','0','0','0','0','1','0',,'1','1','0','1','0','1','0','0','1','1',,'Feira de Santana','5',,'24'
'146','01-11-2013 22:14:23','pt-BR',,'01-11-2013 22:14:23','01-11-2013 22:04:14','186.207.186.235','1','1','0','1','0','A2','A1','A6','4','A1','A3','A4','A4','A1','A4','A4',,'A1','A1','A4','A4','A1',,'A2','A3','A1','A1','A1','A2',,'A3','A3','A3','A1','A4',,'Analista de rede e suporte','A3',,'0','1','0','0','1','0','0','0','0','0',,'1','1','0','0','0','0','0','0','0','0',,'Salvador','5',,'24'
'147','01-11-2013 22:33:58','pt-BR',,'01-11-2013 22:33:58','01-11-2013 22:25:46','187.87.37.47','1','1','1','1','0','A2','A3','A3','3','A1','A2','A3','A2','A3','A1','A1',,'A4','A4','A3','A2','A2',,'A3','A4','A3','A2','A2','A3',,'A4','A4','A3','A3','A2',,'Estudante','A2',,'1','1','0','0','0','0','0','0','0','0',,'1','1','0','0','0','0','0','0','0','0',,'Feira de Santana','5',,'24'
'149','02-11-2013 00:48:54','pt-BR',,'02-11-2013 00:48:54','02-11-2013 00:39:11','177.99.15.195','1','1','0','0','0','A2','A2','A4','4','A3','A4','A3','A4','A3','A3','A4',,'A2','A4','A4','A3','A2',,'A4','A2','A3','A1','A2','A4',,'A4','A3','A4','A3','A2',,'Estudante','A3',,'1','0','0','0','0','0','0','0','0','0',,'0','1','0','0','0','0','0','0','0','0',,'Feira de Santana','5',,'24'
'150','02-11-2013 12:52:01','pt-BR',,'02-11-2013 12:52:01','02-11-2013 12:44:09','200.217.204.109','1','1','1','1','1','A1','A4','A4','4','A3','A2','A4','A3','A4','A3','A4',,'A3','A4','A2','A4','A4',,'A3','A2','A3','A4','A4','A3',,'A4','A4','A4','A4','A3',,'Graduando','A3',,'0','0','0','0','0','0','0','0','0','0',,'0','0','0','0','0','0','0','0','0','0',,,'5',,'24'
'152','02-11-2013 13:48:30','pt-BR',,'02-11-2013 13:48:30','02-11-2013 13:42:26','187.87.37.123','1','1','1','1','1','A2','A4','A5','4','A2','A3','A4','A3','A2','A4','A4',,'A3','A3','A4','A3','A2',,'A4','A4','A2','A2','A4','A4',,'A4','A3','A4','A4','A2',,'Analista de Sistemas','A4',,'1','0','0','0','0','0','0','0','0','0',,'1','0','0','0','0','0','0','0','0','0',,'Feira de Santana','5',,'24'
'155','02-11-2013 21:49:46','pt-BR',,'02-11-2013 21:49:46','02-11-2013 21:42:36','200.223.100.230','1','1','1','1','0','A3','A1','A3','4','A2','A4','A4','A4','A4','A4','A3',,'A4','A4','A3','A4','A3',,'A3','A4','A2','A1','A1','A3',,'A4','A4','A2','A3','A4',,'Estudante de Engenharia de Computação','A2',,'1','0','0','0','0','0','0','0','1','0',,'0','0','0','0','0','0','0','0','0','0',,'Feira de Sanrana','5',,'24'
'156','03-11-2013 04:04:38','pt-BR',,'03-11-2013 04:04:38','03-11-2013 04:01:56','179.192.52.10','1','1','1','0','0','A2','A1','A4','4','A3','A3','A3','A3','A3','A3','A3',,'A2','A3','A3','A4','A3',,'A3','A3','A4','A3','A3','A4',,'A3','A3','A4','A4','A3',,,'A3',,'1','0','0','0','0','0','0','0','0','0',,'1','0','0','0','0','0','0','0','0','0',,'Feira de Santana','5',,'24'
'157','03-11-2013 13:58:02','pt-BR',,'03-11-2013 13:58:02','03-11-2013 13:49:51','189.105.78.2','1','1','1','1','1','A1','A2','A4','4','A4','A4','A4','A4','A3','A3','A4',,'A4','A4','A4','A2','A4',,'A3','A2','A1','A2','A4','A3',,'A3','A4','A4','A4','A1',,'Projetista de Circuito Integrado Digital','A2',,'0','0','0','0','0','1','0','0','0','0',,'0','0','0','1','0','1','0','0','0','1',,'Salvador','5',,'24'
'158','03-11-2013 16:13:52','pt-BR',,'03-11-2013 16:13:52','03-11-2013 16:04:37','177.134.238.4','1','1','1','1','1','A2','A2','A5','4','A3','A4','A4','A3','A4','A4','A4','O progresso mais rápido dos softwares livres (de código aberto) por serem mantidos por maior número de desenvolvedores e por não estar limitado à visões tradicionais.','A4','A4','A3','A2','A2',,'A4','A2','A2','A3','A2','A2',,'A3','A4','A3','A3','A2',,'Desenvolvedor independente','-oth-','11','1','0','0','0','0','0','0','0','0','0',,'1','0','0','0','0','0','0','0','0','0','Jogos eletrônicos','Feira de Santana','5',,'24'
'159','03-11-2013 20:55:02','pt-BR',,'03-11-2013 20:55:02','03-11-2013 20:48:34','201.19.31.112','1','0','1','1','1','A1','A1','A4','3','A3','A3','A3','A3','A3','A3','A3',,'A3','A3','A3','A3','A3',,'A3','A3','A3','A3','A3','A3',,'A3','A3','A3','A3','A1',,,'A2',,'1','0','0','0','0','0','0','0','0','0',,'1','0','0','0','0','0','0','0','0','0',,'Feira de Santana','5',,'24'
'160','04-11-2013 09:30:30','pt-BR',,'04-11-2013 09:30:30','04-11-2013 09:12:13','189.74.159.3','1','0','0','1','0','A1','A3','A4','4','A3','A4','A4','A4','A4','A4','A4','Liberdade de uso sem receio de ilegalidade.','A4','A3','A3','A3','A3',,'A4','A3','A3','A2','A4','A3',,'A3','A2','A4','A2','A2',,'Técnico de Suporte em Service Desk','A4',,'0','1','0','0','0','0','0','0','0','0',,'0','1','0','0','0','0','0','0','0','0',,'Boa Vista','24',,'24'
'161','04-11-2013 09:32:02','pt-BR',,'04-11-2013 09:32:02','04-11-2013 09:21:48','201.32.155.57','2','0','0','0','0',,,,,'A4','A3','A3','A3','A2','A4','A4',,'A3','A3','A4','A3','A3',,'A4','A3','A2','A2','A3','A2',,'A3','A4','A3','A3','A2',,'Professor universitário','A4',,'0','0','0','0','0','0','0','0','1','0',,'0','0','0','0','0','0','0','0','1','0',,'Feira de Santana','5',,'24'
'162','04-11-2013 10:21:38','pt-BR',,'04-11-2013 10:21:38','04-11-2013 10:01:24','200.187.29.122','1','0','1','1','0','A2','A2','A6','4','A4','A4','A3','A3','A3','A2','A2',,'A3','A3','A3','A3','A3',,'A3','A3','A3','A3','A3','A3',,'A2','A4','A1','A4','A1',,,'A4',,'1','0','0','0','0','0','0','0','1','0',,'1','0','0','0','0','0','0','0','0','0',,'Salvador','5',,'24'
'165','04-11-2013 15:00:33','pt-BR',,'04-11-2013 15:00:33','04-11-2013 14:55:56','177.104.48.2','1','1','1','1','1','A3','A4','A6','5','A3','A3','A3','A3','A3','A3','A3','Liberdade de modificação  Liberdade de MIGRAÇÃO','A2','A4','A4','A4','A3',,'A3','A3','A3','A3','A3','A3',,'A4','A4','A4','A3','A3',,'Professor','A4',,'0','0','0','0','0','0','0','0','1','0','Pesquisa científica','0','0','0','0','0','0','0','0','0','0',,'Santo André','25',,'24'
'167','04-11-2013 15:33:06','pt-BR',,'04-11-2013 15:33:06','04-11-2013 15:00:39','177.105.51.127','1','0','1','1','0','A1','A3','A6','4','A3','A2','A4','A3','A3','A3','A3',,'A3','A4','A4','A4','A4',,'A3','A4','A4','A2','A2','A3',,'A3','A2','A3','A3','A2',,'Professor','-oth-',,'1','0','0','0','0','0','0','0','1','0',,'0','0','0','0','0','0','0','0','1','0',,'Lavras','13',,'24'
'172','04-11-2013 15:14:21','pt-BR',,'04-11-2013 15:14:21','04-11-2013 15:07:23','189.21.130.40','1','1','1','1','1','A3','A3','A6','5','A3','A3','A4','A4','A2','A2','A4',,'A3','A4','A4','A4','A2',,'A4','A4','A2','A2','A3','A4',,'A4','A4','A4','A4','A2',,'Gestor de TI','-oth-','13','0','1','0','0','0','0','0','0','0','0',,'1','1','0','0','0','0','0','0','0','0','Economia','Brasília','7',,'24'
'169','04-11-2013 15:07:54','pt-BR',,'04-11-2013 15:07:54','04-11-2013 15:03:33','129.132.183.44','1','1','1','1','1','A3','A4','A4','4','A1','A2','A3','A3','A3','A2','A2',,'A2','A3','A2','A3','A3',,'A3','A3','A3','A3','A3','A3',,'A3','A3','A3','A3','A3',,,'A3',,'0','0','0','0','0','0','0','0','0','0',,'0','0','0','0','0','0','0','0','0','0',,'zurique','-oth-','ZH','165'
'173','04-11-2013 15:13:59','pt-BR',,'04-11-2013 15:13:59','04-11-2013 15:08:18','186.206.243.21','1','1','1','1','1','A1','A2','A5','5','A4','A3','A4','A2','A2','A4','A4','Auditoria de código','A4','A4','A4','A4','A4',,'A4','A4','A4','A4','A4','A4',,'A4','A4','A4','A4','A4',,'Analista de Sistemas','A4',,'1','0','0','0','0','0','0','0','0','0',,'0','0','0','0','0','0','0','0','0','0','Governo Federal','Belo Horizonte','13',,'24'
'174','04-11-2013 15:14:25','pt-BR',,'04-11-2013 15:14:25','04-11-2013 15:08:29','177.194.208.225','1','1','1','1','1','A2','A3','A6','4','A4','A4','A4','A4','A3','A2','A3','Possibilidade de personalização','A2','A2','A4','A3','A4',,'A4','A3','A1','A1','A3','A4',,'A3','A3','A3','A3','A3',,'Desenvolvedor de software','A4',,'1','0','0','0','0','0','0','0','0','0',,'1','0','0','0','0','0','0','0','0','0',,'Pelotas','21',,'24'
'176','04-11-2013 15:17:21','pt-BR',,'04-11-2013 15:17:21','04-11-2013 15:09:23','201.28.235.105','1','1','1','1','0','A1','A1','A5','5','A3','A3','A4','A4','A4','A3','A3',,'A3','A4','A4','A3','A3',,'A3','A3','A3','A2','A3','A4',,'A3','A4','A4','A3','A4',,'Professor universitário','-oth-','16 anos','0','0','0','0','0','0','0','0','1','0',,'0','0','0','0','0','0','0','0','1','0',,'Santos','25',,'24'
'179','04-11-2013 15:22:09','pt-BR',,'04-11-2013 15:22:09','04-11-2013 15:13:09','200.152.34.20','1','1','1','1','0','A3','A3','A6','4','A3','A2','A3','A4','A4','A4','A4','Segurança, robustez e confiabilidade. Acesso ao código fonte.','A3','A4','A3','A3','A3','A existência de um ecossistema em torno da solução, o que permite que existam empresas que deem suporte e consultoria para as soluções livres adotadas.','A3','A3','A3','A3','A4','A3',,'A4','A3','A3','A3','A4',,'Analista de TIC','-oth-','32','1','1','0','0','0','0','0','0','0','0',,'1','1','0','0','0','0','0','0','0','0','Área Social do Governo','Rio de Janeiro','19',,'24'
'180','04-11-2013 15:21:39','pt-BR',,'04-11-2013 15:21:39','04-11-2013 15:13:58','200.137.65.105','1','1','1','1','1','A3','A4','A5','4','A2','A3','A4','A4','A4','A4','A4','sem lock-in','A2','A3','A4','A3','A3',,'A4','A3','A2','A4','A3','A3',,'A3','A4','A4','A3','A2',,'Diretor de TI','A3',,'0','0','0','0','0','0','0','0','1','0',,'0','0','0','0','0','0','0','0','1','0',,'Vitória','8',,'24'
'181','04-11-2013 15:25:04','pt-BR',,'04-11-2013 15:25:04','04-11-2013 15:19:15','200.198.222.49','1','1','1','1','0','A1','A3','A5','4','A3','A3','A3','A3','A3','A3','A3',,'A3','A3','A3','A2','A4',,'A3','A3','A3','A4','A4','A3',,'A2','A3','A3','A3','A4',,'Analista de Sistemas','A4',,'1','1','0','0','0','0','0','0','0','0',,'0','0','0','0','0','0','0','1','0','0','Governo','Curitiba','16',,'24'
'182','04-11-2013 15:30:10','pt-BR',,'04-11-2013 15:30:10','04-11-2013 15:22:56','200.140.194.10','1','1','1','1','1','A3','A4','A6','4','A3','A2','A2','A4','A4','A3','A4','Liberdade de adaptação e estudo da solução.  Sem lock-in.','A2','A4','A3','A3','A2','TCO, domínio da tecnologia, liberdade de fornecedor.','A4','A2','A2','A1','A3','A4',,'A3','A3','A4','A3','A3',,'Analista Suporte','A4',,'0','0','0','1','0','0','0','0','0','0',,'0','0','0','1','0','0','0','0','0','0',,'Foz do Iguaçu, PR','16',,'24'
'183','04-11-2013 15:32:04','pt-BR',,'04-11-2013 15:32:04','04-11-2013 15:24:51','200.198.222.17','1','1','1','1','0','A3','A3','A5','4','A3','A3','A4','A4','A3','A3','A3',,'A4','A2','A4','A3','A4',,'A4','A2','A3','A3','A4','A3',,'A4','A4','A2','A3','A4',,'Analista de Sistemas','A4',,'1','1','0','0','0','0','0','0','0','0',,'0','0','1','1','1','1','0','1','1','1',,'São Paulo','25',,'24'
'184','04-11-2013 15:33:47','pt-BR',,'04-11-2013 15:33:47','04-11-2013 15:25:31','161.148.21.24','1','1','1','1','0','A2','A4','A5','5','A2','A2','A2','A4','A3','A2','A3',,'A3','A3','A2','A3','A3',,'A2','A3','A4','A4','A3','A4',,'A4','A2','A4','A4','A4',,'Analista','A4',,'0','1','0','0','0','0','0','0','0','0',,'0','1','0','0','0','0','0','0','0','1',,'Brasília','7',,'24'
'185','04-11-2013 15:41:13','pt-BR',,'04-11-2013 15:41:13','04-11-2013 15:34:37','200.198.222.1','1','1','0','1','0','A1','A4','A6','4','A4','A3','A3','A4','A3','A3','A4','a possibilidade de implantar um modelo de produção colaborativa.','A3','A3','A2','A3','A3','deter o domínio da tecnologia','A4','A3','A3','A2','A3','A4','a demonstração que o prestador de serviço tem o conhecimento da tecnologia a ser contratada.','A3','A3','A3','A4','A4','na verdade aqui o desafio é que o indivíduo use o software livre, mas evite trazer resquícios do modelo proprietário.','assessor da presidência','A1',,'1','1','0','0','0','0','0','0','0','0',,'1','1','0','0','0','0','0','0','0','0','Gestão em TI','Brasilia','7',,'24'
'186','04-11-2013 15:40:26','pt-BR',,'04-11-2013 15:40:26','04-11-2013 15:35:56','200.0.70.254','1','1','1','1','1','A3','A4','A6','5','A4','A4','A3','A4','A4','A4','A4',,'A3','A4','A3','A3','A4',,'A3','A3','A2','A3','A3','A3',,'A3','A4','A2','A3','A2',,'Analista de Sistemas','-oth-',,'1','1','0','0','0','0','0','0','0','0','Agricultura','1','1','0','0','0','0','0','0','0','0','Agricultura','Campinas','25',,'24'
'187','04-11-2013 15:49:45','pt-BR',,'04-11-2013 15:49:45','04-11-2013 15:36:31','200.152.34.18','1','1','1','1','0','A2','A3','A6','4','A2','A2','A3','A3','A3','A2','A2','Suporte por alguma empresa contratada.','A2','A3','A3','A3','A4',,'A2','A2','A4','A2','A3','A2',,'A3','A2','A3','A3','A3',,'Analista TI','-oth-','15','1','1','1','0','0','0','0','0','0','1',,'1','1','1','0','0','0','0','0','0','1',,'São Paulo','25',,'24'
'188','04-11-2013 15:54:20','pt-BR',,'04-11-2013 15:54:20','04-11-2013 15:43:27','187.2.96.116','1','0','1','0','0','A3','A3','A4','4','A4','A4','A4','A4','A4','A2','A2',,'A2','A4','A1','A2','A4',,'A4','A4','A4','A3','A4','A4',,'A1','A3','A1','A3','A1',,'arquiteto corporativo','A4',,'1','1','0','0','0','0','0','0','1','0',,'1','1','0','0','0','0','0','1','1','0',,'São Paulo','25',,'24'
'189','04-11-2013 16:02:10','pt-BR',,'04-11-2013 16:02:10','04-11-2013 15:54:20','177.44.240.244','1','1','1','1','1','A3','A4','A6','5','A3','A1','A3','A3','A4','A4','A3','A flexibilidade e facilidade de adaptar às mais diversas situações, desde que haja habilidade técnica disponível para isso.','A3','A4','A3','A4','A3','Acho que a gerência deve estar aberta a avaliar tecnicamente o software livre, e disposta em empregar tempo ou esforço para adotar e adaptar as soluções existentes.','A3','A2','A2','A4','A4','A3','Acho que o fator de inércia (que inclui sair da zona de conforto e lidar com sistemas legados) é o maior de todos os entraves.','A3','A3','A4','A3','A2','Creio que a existência de preconceitos por parte de quem apenas utilizou software comercial (pago ou pirateado) é um fator que ainda é importante.','Professor universitário','-oth-',,'0','0','0','0','0','0','0','0','1','0',,'0','0','0','0','0','0','0','0','1','0',,'Lajeado','21',,'24'
'192','04-11-2013 16:30:38','pt-BR',,'04-11-2013 16:30:38','04-11-2013 16:17:32','177.16.63.40','1','1','1','1','0','A1','A1','A4','3','A3','A4','A4','A4','A4','A4','A4','compatibilidade, eficiencia, confiabilidade, custo','A2','A3','A4','A3','A4','muitas vezes a questão do custo acaba sendo relativizada em função da pouca disponbilidade de suporte adequado e mão de obra especializada.','A4','A3','A3','A2','A4','A3','vai depender e muito da cultura de algumas organizações e da visão estratégica do mercado em alguns segmentos como a industria pesada, de midia e de saude','A3','A3','A4','A4','A3','dependendo do tipo de usuário de TI os aspectos relacionados com o know-how e a busca de alternativas em software livre e experiência prévia positiva definirão a cultura desse indivíduo para o uso de software livre','professor','A4',,'0','0','0','0','0','0','0','0','1','0',,'1','0','0','0','0','1','0','0','1','0',,'Joinville','23',,'24'
'193','04-11-2013 16:25:49','pt-BR',,'04-11-2013 16:25:49','04-11-2013 16:20:12','200.17.67.252','1','1','1','1','1','A2','A3','A6','4','A1','A2','A3','A3','A4','A4','A3',,'A1','A4','A2','A3','A3',,'A3','A3','A2','A3','A4','A4',,'A1','A2','A3','A3','A1',,'Analista de TI','A4',,'1','1','0','0','0','0','0','0','1','0',,'1','1','0','0','0','0','0','0','1','0',,'São João del Rei','13',,'24'
'194','04-11-2013 17:09:47','pt-BR',,'04-11-2013 17:09:47','04-11-2013 16:31:38','177.43.47.2','2','0','0','0','0',,,,,'A3','A2','A4','A4','A3','A4','A2',,'A2','A4','A2','A4','A3',,'A4','A4','A2','A1','A3','A2',,'A3','A2','A2','A3','A4',,'Analista de Sistemas','A4',,'1','0','0','0','0','0','0','0','0','0',,'1','0','0','0','0','0','0','0','0','0',,'Curitiba','16',,'24'
'196','04-11-2013 16:42:34','pt-BR',,'04-11-2013 16:42:34','04-11-2013 16:35:44','200.137.2.254','1','1','1','1','0','A3','A3','A4','5','A4','A4','A3','A4','A4','A4','A4','Qualidade do software em comparação com soluções alternativas "não-livres".','A4','A3','A3','A4','A3',,'A4','A4','A2','A4','A3','A4',,'A3','A4','A4','A3','A2',,'Assistente Administrativo','A2',,'0','0','0','0','0','0','0','0','1','0',,'0','0','1','0','0','0','0','0','1','0','Administração Interna','Currais Novos','20',,'24'
'201','04-11-2013 18:38:59','pt-BR',,'04-11-2013 18:38:59','04-11-2013 18:29:14','200.20.157.3','1','1','1','1','1','A1','A3','A4','5','A4','A3','A4','A4','A4','A4','A4','A total liberdade de customizar códigos a nível de bibliotecas tornando-os mais eficientes. E a total independência da solução com qualquer empresa proprietária principalmente em relação a Sistemas de Informação Governamentais','A4','A4','A4','A3','A4',,'A4','A3','A4','A3','A3','A4',,'A4','A4','A3','A3','A3',,'Gerente de Projeto de Desenvolvimento de Software','A4',,'0','0','0','0','0','0','0','0','0','0','Geociências e Pesquisas Estatísticas','0','0','0','0','0','0','0','0','0','0','Setor Público','RIO DE JANEIRO','19',,'24'
'202','04-11-2013 18:50:32','pt-BR',,'04-11-2013 18:50:32','04-11-2013 18:37:52','179.101.154.206','1','1','1','1','1','A3','A3','A5','4','A3','A2','A4','A4','A3','A4','A4','Não ficar preso a atualizações de software pagas. Segurança das aplicações. Conhecimento comunitário e compartilhado. Diversidade de soluções de Software livre','A4','A4','A3','A3','A2','Capacidade de customização, Economia a longo prazo, Incentivo à inovação. Independência de fornecedores de software.','A3','A3','A4','A2','A3','A4','Incentivo ao empreendedorismo com Software livre por parte dos Governos e Iniciativa privada.','A3','A3','A4','A3','A3','Economia de custos, qualidade e facilidade de instalação e uso das soluções de Software Livre. Maior divulgação e promoção dos repositórios e das soluções de software livre voltadas para usuários comuns.','Analista de Tecnologia da Informação','A3',,'0','0','0','0','0','0','0','0','1','0',,'0','0','0','0','0','0','0','0','1','0',,'Limoeiro do Norte','6',,'24'
'203','04-11-2013 19:22:02','pt-BR',,'04-11-2013 19:22:02','04-11-2013 19:13:14','187.56.50.88','1','1','1','1','1','A2','A3','A5','5','A3','A4','A4','A4','A4','A4','A4',,'A3','A4','A4','A2','A4','Disponibilidade de suporte técnico.','A4','A3','A2','A2','A4','A4',,'A2','A3','A4','A4','A4',,'Doutorando','A1',,'1','0','0','0','0','0','1','1','0','0',,'0','0','0','0','0','0','1','0','0','0',,'São Carlos','25',,'24'
'205','05-11-2013 02:58:35','pt-BR',,'05-11-2013 02:58:35','05-11-2013 02:47:50','177.41.211.72','1','1','1','1','1','A2','A2','A5','4','A4','A3','A4','A4','A4','A4','A4',,'A4','A4','A4','A3','A3',,'A3','A4','A2','A2','A4','A4',,'A3','A3','A3','A3','A1',,'ti','-oth-',,'1','1','0','0','0','1','0','0','1','0',,'1','1','0','0','0','1','0','0','1','0',,'suzano','25',,'24'
'206','05-11-2013 07:14:07','pt-BR',,'05-11-2013 07:14:07','05-11-2013 07:10:12','200.133.196.14','1','1','1','0','0','A3','A3','A4','4','A2','A2','A3','A2','A4','A2','A2',,'A1','A3','A2','A3','A1',,'A2','A1','A1','A1','A1','A1',,'A2','A2','A2','A3','A3',,'professor','A4',,'1','1','0','0','0','1','0','0','0','0',,'1','0','0','0','0','1','0','0','1','0',,'São Paulo','25',,'24'
'207','05-11-2013 07:45:26','pt-BR',,'05-11-2013 07:45:26','05-11-2013 07:39:42','201.81.160.202','1','1','0','1','1','A2','A4','A6','5','A3','A2','A3','A3','A3','A3','A3',,'A4','A4','A4','A4','A4',,'A4','A4','A4','A3','A4','A4',,'A3','A4','A4','A4','A4',,'Analista','A4',,'1','1','0','0','0','0','0','0','0','0',,'1','1','0','0','0','0','0','0','0','0',,'Brasília','7',,'24'
'210','05-11-2013 08:35:23','pt-BR',,'05-11-2013 08:35:23','05-11-2013 08:07:38','143.106.157.28','1','1','0','1','1','A1','A1','A5','5','A2','A3','A2','A3','A4','A2','A2','Existência de uma comunidade ativa, com listas de discussão.','A2','A3','A4','A3','A4','Acho que um motivo forte é não precisar pagar licença.','A3','A3','A2','A2','A3','A3',,'A2','A3','A3','A4','A3','Não tem burocracia, pagamento de licença, etc. Basta fazer o download e instalar','Pesquisadora de uma universidade pública','A3',,'1','0','0','0','0','0','0','0','1','0','Pesquisa','0','0','0','0','0','0','0','0','1','0',,'Campinas','25',,'24'
'211','05-11-2013 09:00:13','pt-BR',,'05-11-2013 09:00:13','05-11-2013 08:55:46','150.165.134.132','1','1','1','1','1','A3','A3','A6','5','A4','A2','A3','A3','A4','A3','A4',,'A3','A4','A3','A2','A2',,'A2','A3','A1','A2','A1','A1',,'A3','A4','A4','A2','A2',,'professor universitario','-oth-',,'0','0','0','0','0','0','0','0','1','0',,'1','0','0','0','0','1','0','1','1','0',,'Joao Pessoa','15',,'24'
'212','05-11-2013 09:10:04','pt-BR',,'05-11-2013 09:10:04','05-11-2013 08:57:37','200.17.141.3','1','1','1','1','0','A2','A1','A6','5','A2','A2','A2','A3','A4','A2','A2','Sou professor de universidade pública. Não atuo na área comercial, portanto, não estou alinhado ao perfil profissional que está sendo investigado nesse questionário. Talvez minhas respostas não sejam as que você procura.','A3','A3','A3','A1','A1',,'A4','A4','A3','A1','A1','A2',,'A1','A2','A4','A2','A4',,'Professor universitário','-oth-','17 anos','0','0','0','0','0','0','0','0','1','0',,'0','0','0','0','0','0','0','1','0','0',,'Aracaju - SE','26',,'24'
'213','05-11-2013 09:26:34','pt-BR',,'05-11-2013 09:26:34','05-11-2013 09:19:56','200.198.222.11','1','1','1','1','0','A2','A1','A4','4','A3','A3','A3','A3','A4','A3','A2',,'A4','A4','A3','A3','A3',,'A2','A2','A2','A4','A3','A2','Obrigatoriedade que um programa impõe de uso de um SO proprietário    Venda casada (SO+hardware)','A3','A3','A4','A4','A3',,'Analista de Redes','A3',,'1','1','0','0','0','0','0','0','0','0',,'1','1','1','0','0','0','0','0','1','1',,'Brasília','7',,'24'
'215','05-11-2013 09:59:00','pt-BR',,'05-11-2013 09:59:00','05-11-2013 09:51:48','200.136.246.52','1','1','1','1','0','A2','A2','A5','4','A2','A4','A4','A4','A4','A3','A3',,'A4','A4','A2','A3','A3',,'A3','A4','A3','A3','A4','A4',,'A3','A2','A3','A4','A2',,'Técnico de TI','A2',,'1','0','0','0','0','0','0','0','1','0',,'0','0','0','0','0','0','0','0','1','0',,'São Carlos','25',,'24'
'216','05-11-2013 10:00:31','pt-BR',,'05-11-2013 10:00:31','05-11-2013 09:55:52','179.197.241.164','1','1','1','0','0','A1','A1','A5','5','A1','A1','A1','A1','A1','A3','A3','Não precisa pagar licensa','A1','A4','A4','A3','A4',,'A4','A4','A4','A4','A4','A4',,'A1','A3','A1','A1','A3',,'Professor','A3',,'0','0','0','0','0','0','0','0','1','0',,'0','0','0','0','0','0','0','0','1','0',,'João Monlevade','13',,'24'
'219','05-11-2013 12:19:42','pt-BR',,'05-11-2013 12:19:42','05-11-2013 12:06:42','200.17.67.252','1','1','0','1','1','A1','A4','A5','5','A3','A3','A4','A4','A4','A4','A4','Poder instalar todos os programas necessários para o trabalho diário.','A4','A3','A4','A4','A4',,'A3','A3','A2','A3','A2','A3',,'A4','A4','A4','A4','A4',,'Estudante de FIlosofia com Projeto Tecnológico na INDETEC (Incubadora de Desenvolvimento Tecnológico)','A1',,'1','0','0','0','0','0','0','0','1','0','Artístico & Cultural','1','0','0','0','0','0','0','0','1','0','Artístico & Cultural','São João Del Rei','13',,'24'
'221','05-11-2013 12:33:31','pt-BR',,'05-11-2013 12:33:31','05-11-2013 12:28:14','200.198.222.66','1','1','1','1','0','A3','A4','A6','5','A4','A3','A4','A4','A2','A3','A4','independência de fornecedor. Alternativas de serviços de suporte. Empresas de consultoria e suporte 24x7, certificadas LPI.','A3','A4','A3','A4','A3',,'A2','A3','A2','A4','A4','A4','histórias de sucesso, empresas de suporte 24x7, porte das empresas que usaram.','A2','A2','A3','A4','A2',,'analista de infraestrutura','A4',,'1','1','0','0','0','0','0','0','0','0',,'1','1','0','0','0','0','0','0','0','0','governo','Porto Alegre','21',,'24'
'223','05-11-2013 13:00:31','pt-BR',,'05-11-2013 13:00:31','05-11-2013 12:55:08','177.119.241.64','1','1','1','1','0','A3','A2','A4','4','A2','A3','A3','A3','A4','A1','A2','Customização em vários aspectos.','A3','A3','A3','A4','A2',,'A3','A2','A4','A4','A4','A3',,'A3','A3','A4','A3','A1',,'Analista de Sistemas','A3',,'1','1','0','0','0','0','0','0','0','0',,'1','1','0','0','0','0','0','0','1','0',,'Valença','5',,'24'
'224','05-11-2013 13:12:59','pt-BR',,'05-11-2013 13:12:59','05-11-2013 13:03:03','200.198.213.212','1','1','0','1','1','A3','A1','A6','4','A2','A1','A3','A3','A4','A3','A3',,'A3','A3','A3','A3','A4',,'A3','A3','A3','A2','A3','A3',,'A2','A2','A3','A3','A3',,'Analista de Segurança de TI','-oth-',,'0','0','0','0','0','0','0','0','0','0','Setor Público - Gestão dos Recursos Públicos Federais','0','0','0','0','0','0','0','0','0','0','Setor Público - Gestão dos Recursos Públicos Federais','Brasília','7',,'24'
'228','05-11-2013 15:00:53','pt-BR',,'05-11-2013 15:00:53','05-11-2013 14:42:33','189.80.133.106','1','1','1','1','0','A3','A2','A5','5','A4','A3','A4','A3','A4','A3','A3','Maturidade, documentação, curva de aprendizado e comunidade envolvida.','A3','A4','A4','A3','A4','Solidez da empresa/fundação mantenedora do produto.','A4','A4','A4','A2','A4','A4',,'A3','A4','A4','A3','A4','Escolaridade','Auxiliar Legislativo','A4',,'0','0','0','0','0','0','0','0','0','0','Governo','0','0','0','0','0','0','0','0','0','0','Governo','Poços de Caldas','13',,'24'
'230','05-11-2013 15:07:09','pt-BR',,'05-11-2013 15:07:09','05-11-2013 15:00:00','164.85.131.130','1','1','1','0','0','A1','A1','A4','4','A2','A2','A4','A3','A4','A3','A4',,'A2','A4','A2','A2','A3',,'A4','A4','A4','A4','A4','A4',,'A4','A3','A4','A4','A4',,'Analista de sistemas','-oth-',,'0','1','0','0','0','0','0','0','0','0',,'0','1','0','0','0','0','0','0','0','0',,'Salvador','5',,'24'
'231','05-11-2013 15:20:33','pt-BR',,'05-11-2013 15:20:33','05-11-2013 15:10:45','201.55.98.162','1','1','0','0','0','A2','A1','A5','4','A4','A3','A3','A3','A4','A4','A3',,'A4','A4','A3','A3','A3','Primeiro, precisamos de vendedores visitando as empresas, vendendo os produtos. A comunidade pensa que somente por ser o melhor e se gratuito, já basta.','A3','A3','A4','A4','A4','A3','Quando as pequenas empresas, descobrirem que as grandes empresas utilizam software livre. Quando esses micreiros, pararem de instalar nas empresas softwares piratas.','A3','A3','A3','A3','A2',,'Instrutor','A4',,'0','0','0','0','0','0','0','0','1','0',,'0','0','0','0','0','0','0','0','1','0',,'São José','23',,'24'
'234','05-11-2013 21:55:12','pt-BR',,'05-11-2013 21:55:12','05-11-2013 21:26:33','177.205.204.74','1','1','1','1','1','A1','A3','A5','5','A4','A3','A4','A4','A3','A3','A4','Nenhum "lockin" (mercado livre para o suporte, formatos abertos que facilitam a passagem a uma outra solução, etc.).','A2','A3','A2','A2','A3','Aspectos negativos (ou seja, que impedem a adoção): a inercia social (usuários que não querem um software que eles não conhecem), o lock-in dos softwares proprietários (ver resposta anterior) e a venda casada quando se fala dos usos do tipo "desktop" (os computadores vêm com um software proprietário já instalado e pago).','A2','A2','A3','A2','A4','A2',,'A3','A2','A2','A2','A4','Ausência de malware (DRM, spyware, backdoor, etc.), comunidade (fórum, IRC, etc.), direito a compartilhar o software (com amigos mas também entre os seus próprios computadores em casa e no trabalho), uma certa garantia que o software evolve como os seus usuários querem (inclusive o "fork" como último recurso) e não segundo os objectivos de um editor tudo poderoso.','Professor do ensino superior','A2',,'0','0','0','0','0','0','0','0','1','0','Pesquisa','1','0','0','0','0','0','0','0','1','0',,'Belo Horizonte','13',,'24'
'235','05-11-2013 23:12:24','pt-BR',,'05-11-2013 23:12:24','05-11-2013 23:03:28','186.241.6.82','1','0','1','1','0','A1','A1','A4','2','A3','A3','A3','A4','A2','A3','A4',,'A3','A3','A3','A2','A4',,'A4','A3','A2','A2','A3','A3',,'A3','A3','A4','A4','A2',,'professor','A3',,'0','0','0','0','0','0','0','0','1','0',,'1','0','0','0','0','0','0','0','0','0',,'Salvador','5',,'24'
'237','05-11-2013 23:17:28','pt-BR',,'05-11-2013 23:17:28','05-11-2013 23:10:17','177.134.184.248','1','1','1','1','0','A1','A3','A4','4','A4','A3','A4','A2','A4','A3','A4',,'A4','A4','A3','A4','A4',,'A4','A4','A3','A4','A2','A4',,'A4','A3','A3','A3','A2',,'Analista Junior','A1',,'1','0','0','0','0','0','0','0','0','0',,'1','0','0','0','0','0','0','0','0','0',,'Salvador','5',,'24'
'241','06-11-2013 11:13:10','pt-BR',,'06-11-2013 11:13:10','06-11-2013 11:05:44','189.103.29.58','1','1','1','1','0','A1','A2','A5','4','A4','A2','A4','A4','A4','A4','A4','Facilidade de adaptação à nova tecnologia. Exemplo: as distribuições Linux começaram a fazer muito mais sucesso após adotarem interfaces gráficas similares à do Windows.','A4','A4','A3','A3','A3','Ideológico','A3','A3','A2','A2','A4','A4',,'A4','A3','A4','A4','A4',,'Professor de Ensino Básico, Técnico e Tecnológico','A1',,'0','0','0','0','0','0','0','0','1','0',,'1','0','0','0','0','0','0','0','1','0',,'São Carlos','25',,'24'
'243','06-11-2013 21:06:57','pt-BR',,'06-11-2013 21:06:57','06-11-2013 20:47:52','177.42.109.236','1','1','0','1','1','A2','A4','A6','5','A3','A4','A4','A4','A2','A4','A3','A disponibilidade de suporte técnico local, pago ou não, e capacitação técnica são fatores "si ne equa non" para a adoção, ou rejeição, do SL.','A1','A2','A3','A4','A4','O principal fator é um conflito de filosofias. A maioria dos gestores não consegue compreender a filosofia por trás do software livre, e têm em mente somente a filosofia pragmática do capitalismo competitivo e predador. Falar de desenvolvimento colaborativo é quase como falar de filosofia budhista.','A2','A2','A1','A3','A4','A2','Casos de sucesso mais próximos à realidade das empresas locais. Falar que o Google, o Facebook e o Twitter usam SL, não é a mesma coisa que falar que o seu concorrente direto tem vantegens competitivas sobre você justamente porque optou por usar SL.','A4','A1','A4','A2','A1','O principal fator é de ordem prática. Se alguém usa um software que etende às suas necessidades, seja ele livre ou não, essa pessoa não vai trocar. Na minha experiência, quem começou a usar SL, tendo um "guia" para acompanhar nos primeiros passos, não só aprendeu a se virar sozinho, como também se acostumou a ele e não gostaria mais de usar software proprietário.','Consultor de tecnologia','-oth-',,'0','1','0','0','0','0','0','0','1','0',,'0','0','0','0','0','0','0','0','1','0','Arte, artesanato, editorial','Nível nacional','-oth-','PR, MG, SP, MA, RS','24'
'244','06-11-2013 21:37:27','pt-BR',,'06-11-2013 21:37:27','06-11-2013 21:32:25','177.180.110.204','1','1','1','1','1','A3','A4','A5','5','A3','A4','A3','A3','A4','A3','A2','Ser bom e funcionar.','A3','A3','A4','A4','A3',,'A4','A3','A4','A2','A3','A4',,'A2','A3','A4','A4','A4',,'Estudante','-oth-','23','1','1','0','1','0','1','0','0','0','0',,'1','0','0','1','0','1','0','0','0','0',,'São Carlos','25',,'24'
'245','07-11-2013 09:22:55','pt-BR',,'07-11-2013 09:22:55','07-11-2013 09:17:31','187.36.83.62','1','1','1','1','1','A1','A1','A5','4','A4','A4','A4','A4','A3','A3','A4',,'A4','A4','A4','A4','A4',,'A4','A3','A2','A2','A4','A3',,'A3','A4','A3','A3','A3',,'Gerente de projetos de Consultoria em TI','A4',,'1','0','0','0','0','0','0','0','0','0','Gestão de processos','1','0','0','1','0','0','0','0','0','0',,'Rio de Janeiro','19',,'24'
'246','07-11-2013 10:59:43','pt-BR',,'07-11-2013 10:59:43','07-11-2013 10:54:21','177.20.3.247','1','1','1','1','0','A1','A3','A5','4','A3','A3','A4','A4','A3','A3','A4',,'A3','A4','A3','A4','A4',,'A4','A3','A3','A3','A4','A3',,'A4','A3','A3','A3','A4',,'Analista de Sistemas Pleno','A2',,'1','0','0','0','0','0','0','0','0','0',,'0','0','0','0','0','0','0','0','0','0','Serviços (órgão público)','Salvador','5',,'24'
'249','07-11-2013 17:39:19','pt-BR',,'07-11-2013 17:39:19','07-11-2013 17:35:47','177.67.253.35','1','0','1','1','0','A3','A2','A5','4','A3','A2','A3','A4','A3','A2','A2',,'A3','A3','A2','A3','A2',,'A2','A2','A1','A1','A3','A4',,'A2','A2','A3','A3','A1',,'Professor','-oth-',,'0','0','0','0','0','0','0','0','1','0',,'1','1','0','0','0','0','0','0','1','1',,'Passo Fundo','21',,'24'
'250','07-11-2013 19:08:39','pt-BR',,'07-11-2013 19:08:39','07-11-2013 19:02:37','187.112.110.126','1','1','1','1','1','A1','A3','A4','4','A2','A3','A1','A3','A3','A2','A2',,'A2','A3','A3','A3','A3',,'A3','A2','A3','A2','A3','A4',,'A1','A1','A3','A4','A1',,'Empresário','A2',,'1','0','0','0','0','0','0','0','0','0',,'1','0','0','0','0','0','0','0','0','0',,'Curitiba','16',,'24'
'251','09-11-2013 10:59:23','pt-BR',,'09-11-2013 10:59:23','09-11-2013 10:54:04','177.42.205.116','1','1','1','1','1','A3','A3','A5','5','A3','A4','A3','A3','A2','A3','A3','Pessoalmente, por ser da área de informática, a possibilidade de acesso ao código, e possível customizacão, tem muita influência.','A3','A3','A3','A2','A4',,'A3','A3','A3','A2','A3','A3',,'A4','A3','A3','A3','A4',,'Aluno de Doutorado','A2',,'1','0','0','0','0','0','0','0','0','0',,'1','0','0','0','0','0','0','0','0','0',,'Rio de Janeiro','19',,'24'
'252','11-11-2013 12:24:27','pt-BR',,'11-11-2013 12:24:27','11-11-2013 12:18:08','150.164.200.4','1','1','1','1','1','A2','A3','A6','5','A3','A3','A4','A2','A4','A4','A3','A independência tecnologica, ou seja, não ficar preso a um fornecedor que se te atende hoje, pode não fazê-lo mais amanhã. Se você depende dele, contudo, tem que tolerar preços caros, serviço ruim, etc.','A2','A3','A3','A3','A4','Exemplos de outras organizações semelhantes que usem software livre.','A3','A3','A2','A3','A4','A4',,'A1','A3','A3','A4','A3','boa vontade para experimentar algo novo. Muito, muito, muito raro!','Professor','-oth-',,'1','1','0','0','0','0','0','0','1','0',,'1','1','0','0','0','0','0','0','1','0',,'Belo Horizonte','13',,'24'
'254','11-11-2013 18:16:05','pt-BR',,'11-11-2013 18:16:05','11-11-2013 18:11:28','177.42.115.210','1','0','1','1','1','A2','A1','A5','4','A2','A2','A2','A2','A4','A2','A2',,'A2','A4','A2','A3','A1',,'A3','A4','A2','A2','A2','A3',,'A2','A2','A3','A3','A1',,'Coordenador de TI','A4',,'1','1','0','0','0','0','0','0','0','0',,'0','0','0','0','0','0','0','0','0','0','Segurança','Salvador','5',,'24'
'257','14-11-2013 14:21:25','pt-BR',,'14-11-2013 14:21:25','14-11-2013 14:15:36','200.20.23.51','1','1','1','1','1','A3','A4','A5','4','A2','A3','A3','A2','A4','A3','A3',,'A3','A3','A3','A2','A4',,'A3','A3','A4','A3','A3','A2',,'A2','A3','A3','A2','A4',,'Coordenadora de Projeto','A2',,'1','0','0','0','0','0','0','0','0','0',,'1','0','0','0','0','0','0','0','1','0',,'Rio de Janeiro','19',,'24'
'258','15-11-2013 17:54:51','pt-BR',,'15-11-2013 17:54:51','15-11-2013 17:44:01','189.105.79.51','1','1','1','1','1','A1','A3','A6','4','A2','A2','A3','A4','A4','A3','A3',,'A1','A4','A2','A4','A3',,'A3','A3','A4','A3','A4','A2',,'A4','A2','A3','A3','A4',,,'A2',,'0','0','0','0','0','0','0','0','0','0',,'0','0','0','0','1','0','0','0','0','0',,'Camaçari','5',,'24'
'259','19-11-2013 06:53:43','pt-BR',,'19-11-2013 06:53:43','19-11-2013 06:49:06','177.96.238.144','1','1','1','1','0','A3','A3','A5','4','A3','A3','A4','A4','A2','A3','A3',,'A3','A4','A4','A4','A2',,'A3','A4','A3','A2','A4','A3',,'A3','A3','A4','A3','A2',,'Engenheiro de Software','A4',,'1','0','0','0','0','0','0','0','0','0',,'0','0','0','0','0','0','0','0','0','0','Bancário','Brasília','7',,'24'
'260','20-11-2013 11:06:01','pt-BR',,'20-11-2013 11:06:01','20-11-2013 11:01:40','177.99.59.201','1','0','1','1','0','A2','A2','A6','3','A2','A3','A3','A4','A4','A3','A3',,'A4','A4','A3','A3','A1',,'A4','A3','A3','A2','A4','A3',,'A4','A3','A3','A3','A3',,'estudante','A3',,'1','0','0','0','0','0','0','0','0','0',,'1','0','0','0','0','0','0','0','0','0',,'Salvador','5',,'24'
'261','26-11-2013 18:53:25','pt-BR',,'26-11-2013 18:53:25','26-11-2013 18:38:08','143.106.243.200','1','1','1','1','0','A1','A3','A6','4','A2','A2','A4','A2','A3','A4','A4',,'A4','A4','A4','A4','A3',,'A4','A3','A2','A1','A4','A2',,'A3','A4','A3','A3','A2',,'Professor','-oth-',,'1','0','0','0','0','0','0','0','1','0',,'1','0','0','0','0','0','0','0','1','0',,'xxx','25',,'24'
'262','27-11-2013 07:41:16','pt-BR',,'27-11-2013 07:41:16','27-11-2013 07:34:34','189.71.85.159','1','1','1','1','1','A3','A3','A6','5','A4','A2','A1','A4','A3','A2','A3','A sua ampla adoção no meio em que atuo.','A3','A4','A4','A3','A2',,'A4','A2','A2','A4','A3','A3',,'A4','A4','A4','A4','A4',,'professor e pesquisador','-oth-','12','1','0','0','0','0','0','0','0','1','0','Pesquisa','0','0','0','0','0','0','0','0','0','0','governo','Campina Grande','15',,'24'
'266','06-12-2013 01:34:46','pt-BR',,'06-12-2013 01:34:46','06-12-2013 01:29:07','177.42.3.225','1','1','1','1','1','A3','A4','A6','5','A4','A4','A4','A4','A4','A4','A4',,'A4','A4','A4','A4','A4',,'A3','A4','A4','A1','A2','A3',,'A2','A3','A4','A4','A4',,'GERENTE DE TI','-oth-',,'1','1','0','1','0','1','0','0','0','0','ONGS, ENSINO','1','1','0','1','0','1','1','1','1','0',,'CURITIBA, SÃO PAULO, LONDRINA, MARINGA, CASCAVEL, FOZ DO IGUAÇU, PARANAGUÁ, IBAITI, BRASILIA, RIO BRANCO DO SUL, QUATRO BARRAS, PINHAIS, SÃO JOSÉ DOS PINHAIS, SÃO PAULO, CAMPO GRANDE,','16',,'24'
'267','09-12-2013 10:30:49','pt-BR',,'09-12-2013 10:30:49','09-12-2013 10:25:59','186.207.170.172','1','1','1','1','0','A2','A2','A5','4','A2','A2','A3','A3','A2','A2','A3',,'A3','A3','A3','A4','A2',,'A2','A2','A1','A1','A4','A3',,'A3','A2','A3','A4','A1',,'R&D Cloud Architect','A2',,'1','1','0','0','0','0','0','0','0','0',,'1','1','0','0','0','1','0','0','0','0',,'Barcelona','-oth-','Exterior','159'
